Name,Year,Type,Mass (g),Fall,Latitude,Longitude
Aachen,1880-01-01T00:00:00.000,L5,,Fell,50.775000,6.083330
Aarhus,1951-01-01T00:00:00.000,H6,,Fell,56.183330,10.233330
Abee,1952-01-01T00:00:00.000,EH4,,Fell,54.216670,-113.000000
Acapulco,1976-01-01T00:00:00.000,Acapulcoite,,Fell,16.883330,-99.900000
Achiras,1902-01-01T00:00:00.000,L6,,Fell,-33.166670,-64.950000
Adhi Kot,1919-01-01T00:00:00.000,EH4,,Fell,32.100000,71.800000
Adzhi-Bogdo (stone),1949-01-01T00:00:00.000,LL3-6,,Fell,44.833330,95.166670
Agen,1814-01-01T00:00:00.000,H5,,Fell,44.216670,0.616670
Aguada,1930-01-01T00:00:00.000,L6,,Fell,-31.600000,-65.233330
Aguila Blanca,1920-01-01T00:00:00.000,L,,Fell,-30.866670,-64.550000
Aioun el Atrouss,1974-01-01T00:00:00.000,Diogenite-pm,,Fell,16.398060,-9.570280
Aïr,1925-01-01T00:00:00.000,L6,,Fell,19.083330,8.383330
Aire-sur-la-Lys,1769-01-01T00:00:00.000,Unknown,,Fell,50.666670,2.333330
Akaba,1949-01-01T00:00:00.000,L6,,Fell,29.516670,35.050000
Akbarpur,1838-01-01T00:00:00.000,H4,,Fell,29.716670,77.950000
Akwanga,1959-01-01T00:00:00.000,H,,Fell,8.916670,8.433330
Akyumak,1981-01-01T00:00:00.000,"Iron, IVA",,Fell,39.916670,42.816670
Al Rais,1957-01-01T00:00:00.000,CR2-an,,Fell,24.416670,39.516670
Al Zarnkh,2001-01-01T00:00:00.000,LL5,,Fell,13.660330,28.960000
Alais,1806-01-01T00:00:00.000,CI1,,Fell,44.116670,4.083330
Albareto,1766-01-01T00:00:00.000,L/LL4,,Fell,44.650000,11.016670
Alberta,1949-01-01T00:00:00.000,L,,Fell,2.000000,22.666670
Alby sur Chéran,2002-01-01T00:00:00.000,Eucrite-mmict,,Fell,45.821330,6.015330
Aldsworth,1835-01-01T00:00:00.000,LL5,,Fell,51.783330,-1.783330
Aleppo,1873-01-01T00:00:00.000,L6,,Fell,36.233330,37.133330
Alessandria,1860-01-01T00:00:00.000,H5,,Fell,44.883330,8.750000
Alexandrovsky,1900-01-01T00:00:00.000,H4,,Fell,50.950000,31.816670
Alfianello,1883-01-01T00:00:00.000,L6,,Fell,45.266670,10.150000
Allegan,1899-01-01T00:00:00.000,H5,,Fell,42.533330,-85.883330
Allende,1969-01-01T00:00:00.000,CV3,,Fell,26.966670,-105.316670
Almahata Sitta,2008-01-01T00:00:00.000,Ureilite-an,,Fell,20.745750,32.412750
Alta'ameem,1977-01-01T00:00:00.000,LL5,,Fell,35.273330,44.215560
Ambapur Nagla,1895-01-01T00:00:00.000,H5,,Fell,27.666670,78.250000
Andhara,1880-01-01T00:00:00.000,Stone-uncl,,Fell,26.583330,85.566670
Andover,1898-01-01T00:00:00.000,L6,,Fell,44.616670,-70.750000
Andreevka,1969-01-01T00:00:00.000,L3,,Fell,48.700000,37.500000
Andura,1939-01-01T00:00:00.000,H6,,Fell,20.883330,76.866670
Northwest Africa 5815,,L5,,Found,0.000000,0.000000
Angers,1822-01-01T00:00:00.000,L6,,Fell,47.466670,-0.550000
Angra dos Reis (stone),1869-01-01T00:00:00.000,Angrite,,Fell,-22.966670,-44.316670
Ankober,1942-01-01T00:00:00.000,H4,,Fell,9.533330,39.716670
Anlong,1971-01-01T00:00:00.000,H5,,Fell,25.150000,105.183330
Aomori,1984-01-01T00:00:00.000,L6,,Fell,40.810560,140.785560
Appley Bridge,1914-01-01T00:00:00.000,LL6,,Fell,53.583330,-2.716670
Apt,1803-01-01T00:00:00.000,L6,,Fell,43.866670,5.383330
Arbol Solo,1954-01-01T00:00:00.000,H5,,Fell,-33.000000,-66.000000
Archie,1932-01-01T00:00:00.000,H6,,Fell,38.500000,-94.300000
Arroyo Aguiar,1950-01-01T00:00:00.000,H5,,Fell,-31.416670,-60.666670
Asco,1805-01-01T00:00:00.000,H6,,Fell,42.450000,9.033330
Ash Creek,2009-01-01T00:00:00.000,L6,,Fell,31.805000,-97.010000
Ashdon,1923-01-01T00:00:00.000,L6,,Fell,52.050000,0.300000
Assisi,1886-01-01T00:00:00.000,H5,,Fell,43.033330,12.550000
Atarra,1920-01-01T00:00:00.000,L4,,Fell,25.254170,80.625000
Atemajac,1896-01-01T00:00:00.000,L6,,Fell,20.066670,-103.666670
Athens,1933-01-01T00:00:00.000,LL6,,Fell,34.750000,-87.000000
Atoka,1945-01-01T00:00:00.000,L6,,Fell,34.316670,-96.150000
Aubres,1836-01-01T00:00:00.000,Aubrite,,Fell,44.383330,5.166670
Aumale,1865-01-01T00:00:00.000,L6,,Fell,36.166670,3.666670
Aumieres,1842-01-01T00:00:00.000,L6,,Fell,44.333330,3.233330
Ausson,1858-01-01T00:00:00.000,L5,,Fell,43.083330,0.583330
Avanhandava,1952-01-01T00:00:00.000,H4,,Fell,-21.460280,-49.950830
Avce,1908-01-01T00:00:00.000,"Iron, IIAB",,Fell,46.000000,13.500000
Avilez,1855-01-01T00:00:00.000,H,,Fell,25.000000,-103.500000
Awere,1968-01-01T00:00:00.000,L4,,Fell,2.716670,32.833330
Aztec,1938-01-01T00:00:00.000,L6,,Fell,36.800000,-108.000000
Bachmut,1814-01-01T00:00:00.000,L6,,Fell,48.600000,38.000000
Bahjoi,1934-01-01T00:00:00.000,"Iron, IAB-sLL",,Fell,28.483330,78.500000
Bald Mountain,1929-01-01T00:00:00.000,L4,,Fell,35.966670,-82.483330
Baldwyn,1922-01-01T00:00:00.000,L6,,Fell,34.500000,-88.666670
Bali,1907-01-01T00:00:00.000,CV3,,Fell,5.383330,16.383330
Ban Rong Du,1993-01-01T00:00:00.000,"Iron, ungrouped",,Fell,16.666670,101.183330
Bandong,1871-01-01T00:00:00.000,LL6,,Fell,-6.916670,107.600000
Bansur,1892-01-01T00:00:00.000,L6,,Fell,27.700000,76.333330
Banswal,1913-01-01T00:00:00.000,L5,,Fell,30.400000,78.200000
Banten,1933-01-01T00:00:00.000,CM2,,Fell,-6.333330,106.000000
Barbotan,1790-01-01T00:00:00.000,H5,,Fell,43.950000,-0.050000
Barcelona (stone),1704-01-01T00:00:00.000,OC,,Fell,41.366670,2.166670
Barea,1842-01-01T00:00:00.000,Mesosiderite-A1,,Fell,42.383330,-2.500000
Barnaul,1904-01-01T00:00:00.000,H5,,Fell,52.733330,84.083330
Barntrup,1886-01-01T00:00:00.000,LL4,,Fell,52.000000,9.100000
Baroti,1910-01-01T00:00:00.000,L6,,Fell,31.616670,76.800000
Barwell,1965-01-01T00:00:00.000,L5,,Fell,52.565280,-1.339720
Bassikounou,2006-01-01T00:00:00.000,H5,,Fell,15.783330,-5.900000
Baszkówka,1994-01-01T00:00:00.000,L5,,Fell,52.033330,20.935830
Bath,1892-01-01T00:00:00.000,H4,,Fell,45.416670,-98.316670
Bath Furnace,1902-01-01T00:00:00.000,L6,,Fell,38.250000,-83.750000
Battle Mountain,2012-01-01T00:00:00.000,L6,,Fell,40.668130,-117.189130
Bawku,1989-01-01T00:00:00.000,LL5,,Fell,11.083330,-0.183330
Baxter,1916-01-01T00:00:00.000,L6,,Fell,36.750000,-93.500000
Beardsley,1929-01-01T00:00:00.000,H5,,Fell,39.800000,-101.200000
Beaver Creek,1893-01-01T00:00:00.000,H5,,Fell,51.166670,-117.333330
Beddgelert,1949-01-01T00:00:00.000,H5,,Fell,53.016670,-4.100000
Bells,1961-01-01T00:00:00.000,C2-ung,,Fell,33.600000,-96.466670
Belville,1937-01-01T00:00:00.000,OC,,Fell,-32.333330,-64.866670
Benares (a),1798-01-01T00:00:00.000,LL4,,Fell,25.366670,82.916670
Benguerir,2004-01-01T00:00:00.000,LL6,,Fell,32.250000,-8.150000
Beni M'hira,2001-01-01T00:00:00.000,L6,,Fell,32.866670,10.800000
Benld,1938-01-01T00:00:00.000,H6,,Fell,39.083330,-89.150000
Benoni,1943-01-01T00:00:00.000,H6,,Fell,-26.166670,28.416670
Bensour,2002-01-01T00:00:00.000,LL6,,Fell,30.000000,-7.000000
Benton,1949-01-01T00:00:00.000,LL6,,Fell,45.950000,-67.550000
Berduc,2008-01-01T00:00:00.000,L6,,Fell,-31.910000,-58.328330
Béréba,1924-01-01T00:00:00.000,Eucrite-mmict,,Fell,11.650000,-3.650000
Berlanguillas,1811-01-01T00:00:00.000,L6,,Fell,41.683330,-3.800000
Berthoud,2004-01-01T00:00:00.000,Eucrite-mmict,,Fell,40.305830,-105.023250
Bethlehem,1859-01-01T00:00:00.000,H,,Fell,42.533330,-73.833330
Beuste,1859-01-01T00:00:00.000,L5,,Fell,43.216670,-0.233330
Beyrout,1921-01-01T00:00:00.000,LL3.8,,Fell,33.883330,35.500000
Bhagur,1877-01-01T00:00:00.000,L6,,Fell,20.883330,74.833330
Bhawad,2002-01-01T00:00:00.000,LL6,,Fell,26.508330,73.115280
Bherai,1893-01-01T00:00:00.000,L6,,Fell,20.833330,71.466670
Bhola,1940-01-01T00:00:00.000,LL3-6,,Fell,22.683330,90.650000
Bholghati,1905-01-01T00:00:00.000,Howardite,,Fell,22.083330,86.900000
Bialystok,1827-01-01T00:00:00.000,Eucrite-pmict,,Fell,53.100000,23.200000
Bielokrynitschie,1887-01-01T00:00:00.000,H4,,Fell,50.133330,27.166670
Bilanga,1999-01-01T00:00:00.000,Diogenite,,Fell,12.450000,-0.083330
Binningup,1984-01-01T00:00:00.000,H5,,Fell,-33.156390,115.676390
Birni N'konni,1923-01-01T00:00:00.000,H4,,Fell,13.766670,5.300000
Bishopville,1843-01-01T00:00:00.000,Aubrite,,Fell,34.166670,-80.283330
Bishunpur,1895-01-01T00:00:00.000,LL3.15,,Fell,25.383330,82.600000
Bjelaja Zerkov,1796-01-01T00:00:00.000,H6,,Fell,49.783330,30.166670
Bjurböle,1899-01-01T00:00:00.000,L/LL4,,Fell,60.400000,25.800000
Black Moshannan Park,1941-01-01T00:00:00.000,L5,,Fell,40.916670,-78.083330
Blackwell,1906-01-01T00:00:00.000,L5,,Fell,36.833330,-97.333330
Blanket,1909-01-01T00:00:00.000,L6,,Fell,31.833330,-98.833330
Blansko,1833-01-01T00:00:00.000,H6,,Fell,49.366670,16.633330
Bloomington,1938-01-01T00:00:00.000,LL6,,Fell,40.480000,-89.004170
Bo Xian,1977-01-01T00:00:00.000,LL3.9,,Fell,33.833330,115.833330
Bocas,1804-01-01T00:00:00.000,L6,,Fell,23.000000,-102.000000
Bogou,1962-01-01T00:00:00.000,"Iron, IAB-MG",,Fell,12.500000,0.700000
Boguslavka,1916-01-01T00:00:00.000,"Iron, IIAB",,Fell,44.550000,131.633330
Borgo San Donino,1808-01-01T00:00:00.000,LL6,,Fell,44.866670,10.050000
Bori,1894-01-01T00:00:00.000,L6,,Fell,21.950000,78.033330
Boriskino,1930-01-01T00:00:00.000,CM2,,Fell,54.233330,52.483330
Borkut,1852-01-01T00:00:00.000,L5,,Fell,48.150000,24.283330
Borodino,1812-01-01T00:00:00.000,H5,,Fell,55.466670,35.866670
Botschetschki,1823-01-01T00:00:00.000,L4,,Fell,51.333330,33.883330
Boumdeid (2003),2003-01-01T00:00:00.000,L6,,Fell,17.710670,-11.371500
Boumdeid (2011),2011-01-01T00:00:00.000,L6,,Fell,17.174930,-11.341330
Bovedy,1969-01-01T00:00:00.000,L3,,Fell,54.566670,-6.333330
Bradford Woods,1886-01-01T00:00:00.000,L,,Fell,40.500000,-80.083330
Braunau,1847-01-01T00:00:00.000,"Iron, IIAB",,Fell,50.600000,16.300000
Breitscheid,1956-01-01T00:00:00.000,H5,,Fell,50.666940,8.183610
Bremervörde,1855-01-01T00:00:00.000,H/L3.9,,Fell,53.400000,9.100000
Brient,1933-01-01T00:00:00.000,Eucrite-pmict,,Fell,52.133330,59.316670
Bruderheim,1960-01-01T00:00:00.000,L6,,Fell,53.900000,-112.883330
Bukhara,2001-01-01T00:00:00.000,CV3,,Fell,39.779780,64.600350
Bulls Run,1964-01-01T00:00:00.000,Iron?,,Fell,,
Bunburra Rockhole,2007-01-01T00:00:00.000,Eucrite,,Fell,-31.350000,129.190000
Bununu,1942-01-01T00:00:00.000,Howardite,,Fell,10.016670,9.583330
Bur-Gheluai,1919-01-01T00:00:00.000,H5,,Fell,5.000000,48.000000
Burnwell,1990-01-01T00:00:00.000,H4-an,,Fell,37.621940,-82.237220
Bursa,1946-01-01T00:00:00.000,L6,,Fell,40.200000,29.233330
Buschhof,1863-01-01T00:00:00.000,L6,,Fell,46.450000,25.783330
Bustee,1852-01-01T00:00:00.000,Aubrite,,Fell,26.783330,82.833330
Butsura,1861-01-01T00:00:00.000,H6,,Fell,27.083330,84.083330
Buzzard Coulee,2008-01-01T00:00:00.000,H4,,Fell,52.996000,-109.848170
Cabezo de Mayo,1870-01-01T00:00:00.000,L/LL6,,Fell,37.983330,-1.166670
Cabin Creek,1886-01-01T00:00:00.000,"Iron, IIIAB",,Fell,35.500000,-93.500000
Cacak,1919-01-01T00:00:00.000,OC,,Fell,43.838890,20.333330
Cali,2007-01-01T00:00:00.000,H/L4,,Fell,3.405000,-76.510000
Calivo,1916-01-01T00:00:00.000,Stone-uncl,,Fell,11.750000,122.333330
Campos Sales,1991-01-01T00:00:00.000,L5,,Fell,-7.033330,-40.166670
Çanakkale,1964-01-01T00:00:00.000,L6,,Fell,39.800000,26.600000
Cañellas,1861-01-01T00:00:00.000,H4,,Fell,41.250000,1.666670
Cangas de Onis,1866-01-01T00:00:00.000,H5,,Fell,43.383330,-5.150000
Canon City,1973-01-01T00:00:00.000,H6,,Fell,38.470280,-105.241390
Cape Girardeau,1846-01-01T00:00:00.000,H6,,Fell,37.266670,-89.583330
Capilla del Monte,1934-01-01T00:00:00.000,H6,,Fell,-30.883330,-64.550000
Carancas,2007-01-01T00:00:00.000,H4-5,,Fell,-16.664440,-69.043890
Caratash,1902-01-01T00:00:00.000,LL6,,Fell,38.500000,27.000000
Castalia,1874-01-01T00:00:00.000,H5,,Fell,36.083330,-78.066670
Castel Berardenga,1791-01-01T00:00:00.000,Stone-uncl,,Fell,43.350000,11.500000
Castine,1848-01-01T00:00:00.000,L6,,Fell,44.383330,-68.750000
Castrovillari,1583-01-01T00:00:00.000,Stone-uncl,,Fell,39.800000,16.200000
Caswell County,1810-01-01T00:00:00.000,OC,,Fell,36.500000,-79.250000
Ceniceros,1988-01-01T00:00:00.000,L3.7,,Fell,26.466670,-105.233330
Centerville,1956-01-01T00:00:00.000,H5,,Fell,43.200000,-96.916670
Cereseto,1840-01-01T00:00:00.000,H5,,Fell,45.083330,8.300000
Chadong,1998-01-01T00:00:00.000,L6,,Fell,28.533330,109.316670
Chail,1814-01-01T00:00:00.000,H6,,Fell,25.366670,81.666670
Chainpur,1907-01-01T00:00:00.000,LL3.4,,Fell,25.850000,83.483330
Chajari,1933-01-01T00:00:00.000,L5,,Fell,-30.783330,-58.050000
Chandakapur,1838-01-01T00:00:00.000,L5,,Fell,20.266670,76.016670
Chandpur,1885-01-01T00:00:00.000,L6,,Fell,27.283330,79.050000
Changde,1977-01-01T00:00:00.000,H5,,Fell,29.083330,111.750000
Chantonnay,1812-01-01T00:00:00.000,L6,,Fell,46.683330,1.050000
Charlotte,1835-01-01T00:00:00.000,"Iron, IVA",,Fell,36.166670,-87.333330
Charsonville,1810-01-01T00:00:00.000,H6,,Fell,47.933330,1.566670
Charwallas,1834-01-01T00:00:00.000,H6,,Fell,29.483330,75.500000
Chassigny,1815-01-01T00:00:00.000,Martian (chassignite),,Fell,47.716670,5.366670
Château-Renard,1841-01-01T00:00:00.000,L6,,Fell,47.933330,2.916670
Chaves,1925-01-01T00:00:00.000,Howardite,,Fell,41.933330,-7.466670
Chela,1988-01-01T00:00:00.000,H4,,Fell,-3.666670,32.500000
Chelyabinsk,2013-01-01T00:00:00.000,LL5,,Fell,54.816670,61.116670
Chergach ,2007-01-01T00:00:00.000,H5,,Fell,23.696390,-5.014720
Chernyi Bor,1964-01-01T00:00:00.000,H4,,Fell,53.700000,30.100000
Cherokee Springs,1933-01-01T00:00:00.000,LL6,,Fell,35.033330,-81.883330
Chervettaz,1901-01-01T00:00:00.000,L5,,Fell,46.550000,6.816670
Chervony Kut,1939-01-01T00:00:00.000,Eucrite-mmict,,Fell,50.833330,34.000000
Chetrinahatti,1880-01-01T00:00:00.000,Stone-uncl,,Fell,14.500000,76.500000
Chiang Khan,1981-01-01T00:00:00.000,H6,,Fell,17.900000,101.633330
Chicora,1938-01-01T00:00:00.000,LL6,,Fell,40.933330,-79.733330
Chisenga,1988-01-01T00:00:00.000,"Iron, IIIAB",,Fell,-10.059440,33.395000
Chitado,1966-01-01T00:00:00.000,L6,,Fell,-17.350000,13.966670
Chitenay,1978-01-01T00:00:00.000,L6,,Fell,47.470830,0.976670
Cilimus,1979-01-01T00:00:00.000,L5,,Fell,-6.950000,108.100000
Claxton,1984-01-01T00:00:00.000,L6,,Fell,32.102500,-81.872780
Clohars,1822-01-01T00:00:00.000,L4,,Fell,,
Colby (Wisconsin),1917-01-01T00:00:00.000,L6,,Fell,44.900000,-90.283330
Cold Bokkeveld,1838-01-01T00:00:00.000,CM2,,Fell,-33.133330,19.383330
Coleman,1994-01-01T00:00:00.000,L6,,Fell,43.761110,-84.507780
Collescipoli,1890-01-01T00:00:00.000,H5,,Fell,42.533330,12.616670
Conquista,1965-01-01T00:00:00.000,H4,,Fell,-19.850000,-47.550000
Cosina,1844-01-01T00:00:00.000,H5,,Fell,21.166670,-100.866670
Cranganore,1917-01-01T00:00:00.000,L6,,Fell,10.200000,76.266670
Crescent,1936-01-01T00:00:00.000,CM2,,Fell,35.950000,-97.583330
Cronstad,1877-01-01T00:00:00.000,H5,,Fell,-27.700000,27.300000
Cross Roads,1892-01-01T00:00:00.000,H5,,Fell,35.633330,-78.133330
Crumlin,1902-01-01T00:00:00.000,L5,,Fell,54.616670,-6.216670
Cumberland Falls,1919-01-01T00:00:00.000,Aubrite,,Fell,36.833330,-84.350000
Cynthiana,1877-01-01T00:00:00.000,L/LL4,,Fell,38.400000,-84.250000
Dahmani,1981-01-01T00:00:00.000,LL6,,Fell,35.616670,8.833330
Dandapur,1878-01-01T00:00:00.000,L6,,Fell,26.916670,83.966670
Daniel's Kuil,1868-01-01T00:00:00.000,EL6,,Fell,-28.200000,24.566670
Danville,1868-01-01T00:00:00.000,L6,,Fell,34.400000,-87.066670
Darmstadt,1804-01-01T00:00:00.000,H5,,Fell,49.866670,8.650000
Dashoguz,1998-01-01T00:00:00.000,H5,,Fell,41.984440,59.685000
Daule,2008-01-01T00:00:00.000,L5,,Fell,-1.870890,-79.957560
De Cewsville,1887-01-01T00:00:00.000,H6,,Fell,43.000000,-80.000000
Deal,1829-01-01T00:00:00.000,L6,,Fell,40.250000,-74.000000
Delhi,1897-01-01T00:00:00.000,L5,,Fell,28.566670,77.250000
Demina,1911-01-01T00:00:00.000,L6,,Fell,51.466670,84.766670
Denver,1967-01-01T00:00:00.000,L6,,Fell,39.782500,-104.930560
Dergaon,2001-01-01T00:00:00.000,H5,,Fell,26.683330,93.866670
Desuri,1962-01-01T00:00:00.000,H6,,Fell,25.733330,73.616670
Devgaon,2001-01-01T00:00:00.000,H3.8,,Fell,19.000000,81.000000
Devri-Khera,1994-01-01T00:00:00.000,L6,,Fell,24.225000,76.525000
Dhajala,1976-01-01T00:00:00.000,H3.8,,Fell,22.377780,71.427220
Dharwar,1848-01-01T00:00:00.000,OC,,Fell,14.883330,75.600000
Dhurmsala,1860-01-01T00:00:00.000,LL6,,Fell,32.233330,76.466670
Didim,2007-01-01T00:00:00.000,H3-5,,Fell,37.351720,27.329970
Diep River,1906-01-01T00:00:00.000,L6,,Fell,-33.750000,18.566670
Distrito Quebracho,1957-01-01T00:00:00.000,H4,,Fell,-31.883330,-60.466670
Djati-Pengilon,1884-01-01T00:00:00.000,H6,,Fell,-7.500000,111.500000
Djermaia,1961-01-01T00:00:00.000,H,,Fell,12.733330,15.050000
Djoumine,1999-01-01T00:00:00.000,H5-6,,Fell,36.950000,9.550000
Dokachi,1903-01-01T00:00:00.000,H5,,Fell,23.500000,90.333330
Dolgovoli,1864-01-01T00:00:00.000,L6,,Fell,50.750000,25.300000
Domanitch,1907-01-01T00:00:00.000,L5,,Fell,40.000000,29.000000
Dong Ujimqin Qi,1995-01-01T00:00:00.000,Mesosiderite,,Fell,45.500000,119.033330
Donga Kohrod,1899-01-01T00:00:00.000,H6,,Fell,21.866670,82.450000
Dongtai,1970-01-01T00:00:00.000,LL6,,Fell,32.916670,120.783330
Doroninsk,1805-01-01T00:00:00.000,H5-7,,Fell,51.200000,112.300000
Dosso,1962-01-01T00:00:00.000,L6,,Fell,13.050000,3.166670
Douar Mghila,1932-01-01T00:00:00.000,LL6,,Fell,32.333330,-6.300000
Dowa,1976-01-01T00:00:00.000,Stone-uncl,,Fell,-13.666670,33.916670
Drake Creek,1827-01-01T00:00:00.000,L6,,Fell,36.400000,-86.500000
Dresden (Ontario),1939-01-01T00:00:00.000,H6,,Fell,42.520000,-82.260000
Dubrovnik,1951-01-01T00:00:00.000,L3-6,,Fell,42.458330,18.441670
Dunbogan,1999-01-01T00:00:00.000,L6,,Fell,-31.666670,152.833330
Dundrum,1865-01-01T00:00:00.000,H5,,Fell,52.550000,-8.033330
Dunhua,1976-01-01T00:00:00.000,Stone-uncl,,Fell,43.333330,128.250000
Durala,1815-01-01T00:00:00.000,L6,,Fell,30.300000,76.633330
Duruma,1853-01-01T00:00:00.000,L6,,Fell,-4.000000,39.500000
Duwun,1943-01-01T00:00:00.000,L6,,Fell,33.433330,127.266670
Dwaleni,1970-01-01T00:00:00.000,H4-6,,Fell,-27.200000,31.316670
Dyalpur,1872-01-01T00:00:00.000,Ureilite,,Fell,26.250000,82.000000
Dyarrl Island,1933-01-01T00:00:00.000,Mesosiderite-A1,,Fell,-3.000000,151.000000
Eagle,1947-01-01T00:00:00.000,EL6,,Fell,40.781670,-96.471670
Ehole,1961-01-01T00:00:00.000,H5,,Fell,-17.300000,15.833330
Eichstädt,1785-01-01T00:00:00.000,H5,,Fell,48.900000,11.216670
Ekeby,1939-01-01T00:00:00.000,H4,,Fell,56.033330,13.000000
Ekh Khera,1916-01-01T00:00:00.000,H6,,Fell,28.266670,78.783330
El Idrissia,1989-01-01T00:00:00.000,L6,,Fell,34.416670,3.250000
El Paso de Aguila,1977-01-01T00:00:00.000,H5,,Fell,25.370000,-97.370000
El Tigre,1993-01-01T00:00:00.000,L6,,Fell,19.967220,-103.051670
Elbert,1998-01-01T00:00:00.000,LL6,,Fell,39.246670,-104.588170
Elbogen,1400-01-01T00:00:00.000,"Iron, IID",,Fell,50.183330,12.733330
Elenovka,1951-01-01T00:00:00.000,L5,,Fell,47.833330,37.666670
Ellemeet,1925-01-01T00:00:00.000,Diogenite,,Fell,51.750000,4.000000
Emmaville,1900-01-01T00:00:00.000,Eucrite-mmict,,Fell,-29.466670,151.616670
Enshi,1974-01-01T00:00:00.000,H5,,Fell,30.300000,109.500000
Ensisheim,1492-01-01T00:00:00.000,LL6,,Fell,47.866670,7.350000
Épinal,1822-01-01T00:00:00.000,H5,,Fell,48.183330,6.466670
Erakot,1940-01-01T00:00:00.000,CM2,,Fell,19.033330,81.891670
Erevan,1911-01-01T00:00:00.000,Howardite,,Fell,40.300000,44.500000
Ergheo,1889-01-01T00:00:00.000,L5,,Fell,1.166670,44.166670
Erxleben,1812-01-01T00:00:00.000,H6,,Fell,52.216670,11.250000
Esnandes,1837-01-01T00:00:00.000,L6,,Fell,46.250000,-1.100000
Essebi,1957-01-01T00:00:00.000,C2-ung,,Fell,2.883330,30.833330
Estherville,1879-01-01T00:00:00.000,Mesosiderite-A3/4,,Fell,43.416670,-94.833330
Farmington,1890-01-01T00:00:00.000,L5,,Fell,39.750000,-97.033330
Farmville,1934-01-01T00:00:00.000,H4,,Fell,35.550000,-77.533330
Favars,1844-01-01T00:00:00.000,H5,,Fell,44.383330,2.816670
Fayetteville,1934-01-01T00:00:00.000,H4,,Fell,36.050000,-94.166670
Feid Chair,1875-01-01T00:00:00.000,H4,,Fell,36.883330,8.450000
Felix,1900-01-01T00:00:00.000,CO3.3,,Fell,32.533330,-87.166670
Fenghsien-Ku,1924-01-01T00:00:00.000,H5,,Fell,34.600000,116.750000
Ferguson,1889-01-01T00:00:00.000,OC,,Fell,36.100000,-81.416670
Fermo,1996-01-01T00:00:00.000,H3-5,,Fell,43.181110,13.753330
Fisher,1894-01-01T00:00:00.000,L6,,Fell,47.816670,-96.850000
Florence,1922-01-01T00:00:00.000,H3,,Fell,30.833330,-97.766670
Forest City,1890-01-01T00:00:00.000,H5,,Fell,43.250000,-93.666670
Forest Vale,1942-01-01T00:00:00.000,H4,,Fell,-33.350000,146.858330
Forksville,1924-01-01T00:00:00.000,L6,,Fell,36.783330,-78.083330
Forsbach,1900-01-01T00:00:00.000,H6,,Fell,50.950000,7.316670
Forsyth,1829-01-01T00:00:00.000,L6,,Fell,33.016670,-83.966670
Fort Flatters,1944-01-01T00:00:00.000,Stone-uncl,,Fell,28.250000,7.000000
Frankfort (stone),1868-01-01T00:00:00.000,Howardite,,Fell,34.483330,-87.833330
Fuhe,1945-01-01T00:00:00.000,L5,,Fell,31.475560,113.566940
Fukutomi,1882-01-01T00:00:00.000,L5,,Fell,33.183330,130.200000
Fünen,1654-01-01T00:00:00.000,Stone-uncl,,Fell,55.333330,10.333330
Futtehpur,1822-01-01T00:00:00.000,L6,,Fell,25.950000,80.816670
Fuyang,1977-01-01T00:00:00.000,Stone-uncl,,Fell,32.900000,115.900000
Galapian,1826-01-01T00:00:00.000,H6,,Fell,44.300000,0.400000
Galim (a),1952-01-01T00:00:00.000,LL6,,Fell,7.050000,12.433330
Galim (b),1952-01-01T00:00:00.000,EH3/4-an,,Fell,7.050000,12.433330
Galkiv,1995-01-01T00:00:00.000,H4,,Fell,51.683330,30.783330
Gambat,1897-01-01T00:00:00.000,L6,,Fell,27.350000,68.533330
Gao-Guenie,1960-01-01T00:00:00.000,H5,,Fell,11.650000,-2.183330
Garhi Yasin,1917-01-01T00:00:00.000,"Iron, IIE",,Fell,27.883330,68.533330
Garland,1950-01-01T00:00:00.000,Diogenite-pm,,Fell,41.683330,-112.133330
Gashua,1984-01-01T00:00:00.000,L6,,Fell,12.850000,11.033330
Gasseltepaoua,2000-01-01T00:00:00.000,H5,,Fell,14.150830,-2.041670
Geidam,1950-01-01T00:00:00.000,H5,,Fell,12.916670,11.916670
Gifu,1909-01-01T00:00:00.000,L6,,Fell,35.533330,136.883330
Girgenti,1853-01-01T00:00:00.000,L6,,Fell,37.316670,13.566670
Git-Git,1947-01-01T00:00:00.000,L6,,Fell,9.600000,9.916670
Glanerbrug,1990-01-01T00:00:00.000,L/LL5,,Fell,52.200000,6.866670
Glanggang,1939-01-01T00:00:00.000,H5-6,,Fell,-7.250000,107.700000
Glasatovo,1918-01-01T00:00:00.000,H4,,Fell,57.350000,37.616670
Glatton,1991-01-01T00:00:00.000,L6,,Fell,52.459720,-0.300000
Gnadenfrei,1879-01-01T00:00:00.000,H5,,Fell,50.666670,16.766670
Gopalpur,1865-01-01T00:00:00.000,H6,,Fell,24.233330,89.050000
Gorlovka,1974-01-01T00:00:00.000,H3.7,,Fell,48.283330,38.083330
Granes,1964-01-01T00:00:00.000,L6,,Fell,42.900000,2.250000
Grefsheim,1976-01-01T00:00:00.000,L5,,Fell,60.666670,11.000000
Grimsby,2009-01-01T00:00:00.000,H5,,Fell,43.200000,-79.616670
Grosnaja,1861-01-01T00:00:00.000,CV3,,Fell,43.666670,45.383330
Gross-Divina,1837-01-01T00:00:00.000,H5,,Fell,49.266670,18.716670
Grossliebenthal,1881-01-01T00:00:00.000,L6,,Fell,46.350000,30.583330
Grüneberg,1841-01-01T00:00:00.000,H4,,Fell,51.933330,15.500000
Grzempach,1910-01-01T00:00:00.000,H5,,Fell,52.866670,16.633330
Gualeguaychú,1932-01-01T00:00:00.000,H6,,Fell,-33.000000,-58.616670
Guangmingshan,1996-01-01T00:00:00.000,H5,,Fell,39.804170,122.763890
Guangnan,1983-01-01T00:00:00.000,L6,,Fell,24.100000,105.000000
Guangrao,1980-01-01T00:00:00.000,L6,,Fell,37.100000,118.400000
Guareña,1892-01-01T00:00:00.000,H6,,Fell,38.733330,-6.016670
Guêa,1891-01-01T00:00:00.000,Stone-uncl,,Fell,43.766670,20.233330
Guibga,1972-01-01T00:00:00.000,L5,,Fell,13.500000,-0.683330
Guidder,1949-01-01T00:00:00.000,LL5,,Fell,9.916670,13.983330
Gujargaon,1982-01-01T00:00:00.000,H5,,Fell,22.983330,76.050000
Gujba,1984-01-01T00:00:00.000,CBa,,Fell,11.491670,11.658330
Gumoschnik,1904-01-01T00:00:00.000,H5,,Fell,42.900000,24.700000
Gurram Konda,1814-01-01T00:00:00.000,L6,,Fell,13.783330,78.566670
Gursum,1981-01-01T00:00:00.000,H4/5,,Fell,9.366670,42.416670
Gütersloh,1851-01-01T00:00:00.000,H3/4,,Fell,51.916670,8.383330
Gyokukei,1930-01-01T00:00:00.000,OC,,Fell,35.000000,127.500000
Hachi-oji,1817-01-01T00:00:00.000,H?,,Fell,35.650000,139.333330
Hainaut,1934-01-01T00:00:00.000,H3-6,,Fell,50.316670,3.733330
Hallingeberg,1944-01-01T00:00:00.000,L3.4,,Fell,57.816670,16.233330
Hamlet,1959-01-01T00:00:00.000,LL4,,Fell,41.383330,-86.600000
Haraiya,1878-01-01T00:00:00.000,Eucrite-mmict,,Fell,26.800000,82.533330
Haripura,1921-01-01T00:00:00.000,CM2,,Fell,28.383330,75.783330
Harleton,1961-01-01T00:00:00.000,L6,,Fell,32.675000,-94.511670
Harrison County,1859-01-01T00:00:00.000,L6,,Fell,38.250000,-86.166670
Hashima,1910-01-01T00:00:00.000,H4,,Fell,35.294500,136.700330
Hassi-Jekna,1890-01-01T00:00:00.000,"Iron, IAB-sHL",,Fell,28.950000,0.816670
Hatford,1628-01-01T00:00:00.000,Stone-uncl,,Fell,51.650000,-1.516670
Haverö,1971-01-01T00:00:00.000,Ureilite,,Fell,60.245560,22.061940
Hedeskoga,1922-01-01T00:00:00.000,H5,,Fell,55.466670,13.783330
Hedjaz,1910-01-01T00:00:00.000,L3.7-6,,Fell,27.333330,35.666670
Heredia,1857-01-01T00:00:00.000,H5,,Fell,10.000000,-84.100000
Hessle,1869-01-01T00:00:00.000,H5,,Fell,59.850000,17.666670
Higashi-koen,1897-01-01T00:00:00.000,H5,,Fell,33.600000,130.433330
High Possil,1804-01-01T00:00:00.000,L6,,Fell,55.900000,-4.233330
Hiroshima,2003-01-01T00:00:00.000,H5,,Fell,34.450000,132.383330
Hoima,2003-01-01T00:00:00.000,H6,,Fell,1.345000,31.472780
Hökmark,1954-01-01T00:00:00.000,L4,,Fell,64.433330,21.200000
Holbrook,1912-01-01T00:00:00.000,L/LL6,,Fell,34.900000,-110.183330
Holetta,1923-01-01T00:00:00.000,Stone-uncl,,Fell,9.066670,38.416670
Homestead,1875-01-01T00:00:00.000,L5,,Fell,41.800000,-91.866670
Honolulu,1825-01-01T00:00:00.000,L5,,Fell,21.300000,-157.866670
Hotse,1956-01-01T00:00:00.000,L6,,Fell,35.666670,115.500000
Hoxie,1963-01-01T00:00:00.000,OC,,Fell,39.350000,-100.450000
Hraschina,1751-01-01T00:00:00.000,"Iron, IID",,Fell,46.100000,16.333330
Huaxi,2010-01-01T00:00:00.000,H5,,Fell,26.464690,106.632410
Hungen,1877-01-01T00:00:00.000,H6,,Fell,50.300000,8.916670
Hvittis,1901-01-01T00:00:00.000,EL6,,Fell,61.183330,22.683330
Ibbenbüren,1870-01-01T00:00:00.000,Diogenite,,Fell,52.283330,7.700000
Ibitira,1957-01-01T00:00:00.000,Eucrite-mmict,,Fell,-20.000000,-45.000000
Ibrisim,1949-01-01T00:00:00.000,OC,,Fell,38.000000,35.000000
Ichkala,1936-01-01T00:00:00.000,H6,,Fell,58.200000,82.933330
Idutywa,1956-01-01T00:00:00.000,H5,,Fell,-32.100000,28.333330
Iguaracu,1977-01-01T00:00:00.000,H5,,Fell,-23.200000,-51.833330
Ijopega,1975-01-01T00:00:00.000,H6,,Fell,-6.033330,145.366670
Indarch,1891-01-01T00:00:00.000,EH4,,Fell,39.750000,46.666670
Independence,1917-01-01T00:00:00.000,L6,,Fell,39.083330,-94.400000
Inner Mongolia,1963-01-01T00:00:00.000,L6,,Fell,41.000000,112.000000
Innisfree,1977-01-01T00:00:00.000,L5,,Fell,53.415000,-111.337500
Ipiranga,1972-01-01T00:00:00.000,H6,,Fell,-25.500000,-54.500000
Ishinga,1954-01-01T00:00:00.000,H,,Fell,-8.933330,33.800000
Isthilart,1928-01-01T00:00:00.000,H5,,Fell,-31.183330,-57.950000
Itapicuru-Mirim,1879-01-01T00:00:00.000,H5,,Fell,-3.400000,-44.333330
Itqiy,1990-01-01T00:00:00.000,EH7-an,,Fell,26.590830,-12.952170
Ivuna,1938-01-01T00:00:00.000,CI1,,Fell,-8.416670,32.433330
Jackalsfontein,1903-01-01T00:00:00.000,L6,,Fell,-32.500000,21.900000
Jajh deh Kot Lalu,1926-01-01T00:00:00.000,EL6,,Fell,26.750000,68.416670
Jalanash,1990-01-01T00:00:00.000,Ureilite,,Fell,,
Jalandhar,1621-01-01T00:00:00.000,Iron,,Fell,31.000000,75.000000
Jamkheir,1866-01-01T00:00:00.000,H6,,Fell,18.750000,75.333330
Jartai,1979-01-01T00:00:00.000,L6,,Fell,39.700000,105.800000
Jelica,1889-01-01T00:00:00.000,LL6,,Fell,43.833330,20.441670
Jemlapur,1901-01-01T00:00:00.000,L6,,Fell,,
Jesenice,2009-01-01T00:00:00.000,L6,,Fell,46.421370,14.052170
Jhung,1873-01-01T00:00:00.000,L5,,Fell,31.300000,72.383330
Jiange,1964-01-01T00:00:00.000,H5,,Fell,31.916670,104.916670
Jianshi,1890-01-01T00:00:00.000,"Iron, IIIAB",,Fell,30.808330,109.500000
Jilin,1976-01-01T00:00:00.000,H5,,Fell,44.050000,126.166670
Jodiya,2006-01-01T00:00:00.000,L5,,Fell,22.680000,70.313330
Jodzie,1877-01-01T00:00:00.000,Howardite,,Fell,55.700000,24.400000
Johnstown,1924-01-01T00:00:00.000,Diogenite,,Fell,40.350000,-104.900000
Jolomba,1974-01-01T00:00:00.000,LL6,,Fell,-11.850000,15.833330
Jonzac,1819-01-01T00:00:00.000,Eucrite-mmict,,Fell,45.433330,-0.450000
Juancheng,1997-01-01T00:00:00.000,H5,,Fell,35.500000,115.416670
Judesegeri,1876-01-01T00:00:00.000,H6,,Fell,12.850000,76.800000
Jumapalo,1984-01-01T00:00:00.000,L6,,Fell,-7.716670,111.200000
Junan,1976-01-01T00:00:00.000,L6,,Fell,35.200000,118.800000
Juromenha,1968-01-01T00:00:00.000,"Iron, IIIAB",,Fell,38.740280,-7.270000
Juvinas,1821-01-01T00:00:00.000,Eucrite-mmict,,Fell,44.716670,4.300000
Kaba,1857-01-01T00:00:00.000,CV3,,Fell,47.350000,21.300000
Kabo,1971-01-01T00:00:00.000,H4,,Fell,11.850000,8.216670
Kadonah,1822-01-01T00:00:00.000,H6,,Fell,27.083330,78.333330
Kaee,1838-01-01T00:00:00.000,H5,,Fell,27.250000,79.966670
Kagarlyk,1908-01-01T00:00:00.000,L6,,Fell,49.866670,30.833330
Kaidun,1980-01-01T00:00:00.000,CR2,,Fell,15.000000,48.300000
Kainsaz,1937-01-01T00:00:00.000,CO3.2,,Fell,55.433330,53.250000
Kakangari,1890-01-01T00:00:00.000,K3,,Fell,12.383330,78.516670
Kakowa,1858-01-01T00:00:00.000,L6,,Fell,45.133330,21.666670
Kalaba,1951-01-01T00:00:00.000,H4,,Fell,-6.833330,29.500000
Kalumbi,1879-01-01T00:00:00.000,L6,,Fell,17.833330,73.983330
Kamalpur,1942-01-01T00:00:00.000,L6,,Fell,26.033330,81.466670
Kamiomi,1913-01-01T00:00:00.000,H5,,Fell,36.041670,139.956670
Kamsagar,1902-01-01T00:00:00.000,L6,,Fell,14.183330,75.800000
Kandahar (Afghanistan),1959-01-01T00:00:00.000,L6,,Fell,31.600000,65.783330
Kangean,1908-01-01T00:00:00.000,H5,,Fell,-7.000000,115.500000
Kangra Valley,1897-01-01T00:00:00.000,H5,,Fell,32.083330,76.300000
Kapoeta,1942-01-01T00:00:00.000,Howardite,,Fell,4.700000,33.633330
Kaprada,2004-01-01T00:00:00.000,L5/6,,Fell,20.339160,73.223290
Kaptal-Aryk,1937-01-01T00:00:00.000,L6,,Fell,42.450000,73.366670
Karakol,1840-01-01T00:00:00.000,LL6,,Fell,47.216670,81.016670
Karatu,1963-01-01T00:00:00.000,LL6,,Fell,-3.500000,35.583330
Karewar,1949-01-01T00:00:00.000,L6,,Fell,12.900000,7.150000
Karkh,1905-01-01T00:00:00.000,L6,,Fell,27.800000,67.166670
Karloowala,1955-01-01T00:00:00.000,L6,,Fell,31.583330,71.600000
Karoonda,1930-01-01T00:00:00.000,CK4,,Fell,-35.083330,139.916670
Kasamatsu,1938-01-01T00:00:00.000,H,,Fell,35.366670,136.766670
Kasauli,2003-01-01T00:00:00.000,H4,,Fell,29.583330,77.583330
Katagum,1999-01-01T00:00:00.000,L6,,Fell,11.333330,10.083330
Kavarpura,2006-01-01T00:00:00.000,"Iron, IIE-an",,Fell,25.143330,75.813330
Kayakent,1961-01-01T00:00:00.000,"Iron, IIIAB",,Fell,39.263330,31.780000
Kediri,1940-01-01T00:00:00.000,L4,,Fell,-7.750000,112.016670
Kemer,2008-01-01T00:00:00.000,L4,,Fell,36.541940,29.418220
Kendleton,1939-01-01T00:00:00.000,L4,,Fell,29.450000,-96.000000
Kendrapara,2003-01-01T00:00:00.000,H4-5,,Fell,20.462500,86.702780
Kerilis,1874-01-01T00:00:00.000,H5,,Fell,48.400000,-3.300000
Kernouve,1869-01-01T00:00:00.000,H6,,Fell,48.116670,-3.083330
Kesen,1850-01-01T00:00:00.000,H4,,Fell,38.983330,141.616670
Khairpur,1873-01-01T00:00:00.000,EL6,,Fell,29.533330,72.300000
Khanpur,1932-01-01T00:00:00.000,LL5,,Fell,25.550000,83.116670
Kharkov,1787-01-01T00:00:00.000,L6,,Fell,50.625000,35.075000
Kheragur,1860-01-01T00:00:00.000,L6,,Fell,26.950000,77.883330
Khetri,1867-01-01T00:00:00.000,H6,,Fell,28.016670,75.816670
Khmelevka,1929-01-01T00:00:00.000,L5,,Fell,56.750000,75.333330
Khohar,1910-01-01T00:00:00.000,L3.6,,Fell,25.100000,81.533330
Khor Temiki,1932-01-01T00:00:00.000,Aubrite,,Fell,16.000000,36.000000
Kidairat,1983-01-01T00:00:00.000,H6,,Fell,14.000000,28.000000
Kiel,1962-01-01T00:00:00.000,L6,,Fell,54.400000,10.150000
Kiffa,1970-01-01T00:00:00.000,H5,,Fell,16.583330,-11.333330
Kijima (1906),1906-01-01T00:00:00.000,Stone-uncl,,Fell,36.850000,138.383330
Kikino,1809-01-01T00:00:00.000,H6,,Fell,55.000000,34.000000
Kilabo,2002-01-01T00:00:00.000,LL6,,Fell,12.766670,9.800000
Kilbourn,1911-01-01T00:00:00.000,H5,,Fell,43.583330,-89.600000
Killeter,1844-01-01T00:00:00.000,H6,,Fell,54.666670,-7.666670
Kingai,1967-01-01T00:00:00.000,H6,,Fell,11.633330,24.683330
Kirbyville,1906-01-01T00:00:00.000,Eucrite-mmict,,Fell,30.750000,-95.950000
Kisvarsány,1914-01-01T00:00:00.000,L6,,Fell,48.166670,22.308330
Kitchener,1998-01-01T00:00:00.000,L6,,Fell,43.383330,-80.383330
Klein-Wenden,1843-01-01T00:00:00.000,H6,,Fell,51.600000,10.800000
Knyahinya,1866-01-01T00:00:00.000,L/LL5,,Fell,48.900000,22.400000
Kobe,1999-01-01T00:00:00.000,CK4,,Fell,34.733330,135.166670
Kokubunji,1986-01-01T00:00:00.000,L6,,Fell,34.300000,133.950000
Komagome,1926-01-01T00:00:00.000,Iron,,Fell,35.733330,139.750000
Konovo,1931-01-01T00:00:00.000,LL5,,Fell,42.516670,26.166670
Košice,2010-01-01T00:00:00.000,H5,,Fell,48.763670,21.176330
Krähenberg,1869-01-01T00:00:00.000,LL5,,Fell,49.326940,7.464720
Krasnoi-Ugol,1829-01-01T00:00:00.000,L6,,Fell,54.033330,40.900000
Krasnyi Klyuch,1946-01-01T00:00:00.000,H5,,Fell,54.333330,56.083330
Krutikha,1906-01-01T00:00:00.000,OC,,Fell,56.800000,77.000000
Krymka,1946-01-01T00:00:00.000,LL3.2,,Fell,47.833330,30.766670
Kukschin,1938-01-01T00:00:00.000,L6,,Fell,51.150000,31.700000
Kulak,1961-01-01T00:00:00.000,L5,,Fell,30.731110,66.802220
Kuleschovka,1811-01-01T00:00:00.000,L6,,Fell,50.750000,33.500000
Kulp,1906-01-01T00:00:00.000,H6,,Fell,41.116670,45.000000
Kunashak,1949-01-01T00:00:00.000,L6,,Fell,55.783330,61.366670
Kunya-Urgench,1998-01-01T00:00:00.000,H5,,Fell,42.250000,59.200000
Kushiike,1920-01-01T00:00:00.000,OC,,Fell,37.050000,138.383330
Kusiali,1860-01-01T00:00:00.000,L6,,Fell,29.683330,78.383330
Kutais,1977-01-01T00:00:00.000,H5,,Fell,44.516670,39.300000
Kuttippuram,1914-01-01T00:00:00.000,L6,,Fell,10.833330,76.033330
Kuznetzovo,1932-01-01T00:00:00.000,L6,,Fell,55.200000,75.333330
Kyushu,1886-01-01T00:00:00.000,L6,,Fell,32.033330,130.633330
La Bécasse,1879-01-01T00:00:00.000,L6,,Fell,47.083330,1.750000
La Charca,1878-01-01T00:00:00.000,OC,,Fell,20.666670,-101.283330
La Colina,1924-01-01T00:00:00.000,H5,,Fell,-37.333330,-61.533330
La Criolla,1985-01-01T00:00:00.000,L6,,Fell,-31.233330,-58.166670
Laborel,1871-01-01T00:00:00.000,H5,,Fell,44.283330,5.583330
Lahrauli,1955-01-01T00:00:00.000,Ureilite,,Fell,26.783330,82.716670
L'Aigle,1803-01-01T00:00:00.000,L6,,Fell,48.766670,0.633330
Cumulus Hills 04075,2003-01-01T00:00:00.000,Pallasite,,Found,,
Lakangaon,1910-01-01T00:00:00.000,Eucrite-mmict,,Fell,21.866670,76.033330
Lalitpur,1887-01-01T00:00:00.000,L6,,Fell,24.450000,78.566670
Lancé,1872-01-01T00:00:00.000,CO3.5,,Fell,47.700000,1.066670
Lancon,1897-01-01T00:00:00.000,H6,,Fell,43.750000,5.116670
Långhalsen,1947-01-01T00:00:00.000,L6,,Fell,58.850000,16.733330
Lanxi,1986-01-01T00:00:00.000,L6,,Fell,46.241670,126.196110
Lanzenkirchen,1925-01-01T00:00:00.000,L4,,Fell,47.750000,16.233330
Laochenzhen,1987-01-01T00:00:00.000,H5,,Fell,33.133330,115.166670
Launton,1830-01-01T00:00:00.000,L6,,Fell,51.900000,-1.116670
Lavrentievka,1938-01-01T00:00:00.000,L6,,Fell,52.450000,51.566670
Le Pressoir,1845-01-01T00:00:00.000,H5,,Fell,47.166670,0.433330
Le Teilleul,1845-01-01T00:00:00.000,Howardite,,Fell,48.533330,-0.866670
Leedey,1943-01-01T00:00:00.000,L6,,Fell,35.883330,-99.333330
Leeuwfontein,1912-01-01T00:00:00.000,L6,,Fell,-25.666670,28.366670
Leighlinbridge,1999-01-01T00:00:00.000,L6,,Fell,52.666670,-6.966670
Leighton,1907-01-01T00:00:00.000,H5,,Fell,34.583330,-87.500000
Leonovka,1900-01-01T00:00:00.000,L6,,Fell,52.266670,32.850000
Les Ormes,1857-01-01T00:00:00.000,L6,,Fell,48.350000,3.250000
Lesves,1896-01-01T00:00:00.000,L6,,Fell,50.366670,4.733330
Lichtenberg,1973-01-01T00:00:00.000,H6,,Fell,-26.150000,26.183330
Lillaverke,1930-01-01T00:00:00.000,H5,,Fell,56.650000,15.866670
Limerick,1813-01-01T00:00:00.000,H5,,Fell,52.566670,-8.783330
Linum,1854-01-01T00:00:00.000,L6,,Fell,52.750000,12.900000
Lishui,1978-01-01T00:00:00.000,L5,,Fell,31.633330,118.983330
Lissa,1808-01-01T00:00:00.000,L6,,Fell,50.200000,14.850000
Little Piney,1839-01-01T00:00:00.000,L5,,Fell,37.916670,-92.083330
Lixna,1820-01-01T00:00:00.000,H4,,Fell,56.000000,26.433330
Lodran,1868-01-01T00:00:00.000,Lodranite,,Fell,29.533330,71.800000
Lohawat,1994-01-01T00:00:00.000,Howardite,,Fell,26.965560,72.626670
Lorton,2010-01-01T00:00:00.000,L6,,Fell,38.700660,-77.211630
Los Martinez,1894-01-01T00:00:00.000,L6,,Fell,38.000000,-0.833330
Lost City,1970-01-01T00:00:00.000,H5,,Fell,36.008330,-95.150000
Louisville,1977-01-01T00:00:00.000,L6,,Fell,38.250000,-85.750000
Łowicz,1935-01-01T00:00:00.000,Mesosiderite-A3,,Fell,52.000000,19.916670
Lua,1926-01-01T00:00:00.000,L5,,Fell,24.950000,75.150000
Lucé,1768-01-01T00:00:00.000,L6,,Fell,47.850000,0.483330
Lumpkin,1869-01-01T00:00:00.000,L6,,Fell,32.033330,-84.766670
Lunan,1980-01-01T00:00:00.000,H6,,Fell,24.800000,103.300000
Lundsgård,1889-01-01T00:00:00.000,L6,,Fell,56.216670,13.033330
Luotolax,1813-01-01T00:00:00.000,Howardite,,Fell,61.200000,27.700000
Luponnas,1753-01-01T00:00:00.000,H3-5,,Fell,46.216670,5.000000
Lusaka,1951-01-01T00:00:00.000,Unknown,,Fell,-7.216670,29.433330
Mabwe-Khoywa,1937-01-01T00:00:00.000,L5,,Fell,19.000000,97.000000
Macau,1836-01-01T00:00:00.000,H5,,Fell,-5.200000,-36.666670
Machinga,1981-01-01T00:00:00.000,L6,,Fell,-15.212220,35.242220
Macibini,1936-01-01T00:00:00.000,Eucrite-pmict,,Fell,-28.833330,31.950000
Madhipura,1950-01-01T00:00:00.000,L,,Fell,25.916670,86.366670
Madiun,1935-01-01T00:00:00.000,L6,,Fell,-7.750000,111.533330
Madrid,1896-01-01T00:00:00.000,L6,,Fell,40.416670,-3.716670
Mafra,1941-01-01T00:00:00.000,L3-4,,Fell,-26.166670,-49.933330
Magnesia,1899-01-01T00:00:00.000,"Iron, IAB-sHL",,Fell,37.866670,27.516670
Magombedze,1990-01-01T00:00:00.000,H3-5,,Fell,-19.483330,31.650000
Mahadevpur,2007-01-01T00:00:00.000,H4/5,,Fell,27.666670,95.783330
Maigatari-Danduma,2004-01-01T00:00:00.000,H5/6,,Fell,12.833330,9.383330
Malaga,1933-01-01T00:00:00.000,OC,,Fell,32.216670,-104.000000
Malakal,1970-01-01T00:00:00.000,L5,,Fell,9.500000,31.750000
Malampaka,1930-01-01T00:00:00.000,H,,Fell,-3.133330,33.516670
Malotas,1931-01-01T00:00:00.000,H5,,Fell,-28.933330,-63.233330
Malvern,1933-01-01T00:00:00.000,Eucrite-pmict,,Fell,-29.450000,26.766670
Mamra Springs,1927-01-01T00:00:00.000,L6,,Fell,45.216670,62.083330
Manbhoom,1863-01-01T00:00:00.000,LL6,,Fell,23.050000,86.700000
Manegaon,1843-01-01T00:00:00.000,Diogenite,,Fell,20.966670,76.100000
Mangwendi,1934-01-01T00:00:00.000,LL6,,Fell,-17.650000,31.600000
Manych,1951-01-01T00:00:00.000,LL3.4,,Fell,45.816670,44.633330
Mardan,1948-01-01T00:00:00.000,H5,,Fell,34.233330,72.083330
Maria Linden,1925-01-01T00:00:00.000,L4,,Fell,,
Mariaville,1898-01-01T00:00:00.000,Iron,,Fell,42.716670,-99.383330
Maribo,2009-01-01T00:00:00.000,CM2,,Fell,54.761830,11.467450
Maridi,1941-01-01T00:00:00.000,H6,,Fell,4.666670,29.250000
Marilia,1971-01-01T00:00:00.000,H4,,Fell,-22.250000,-49.933330
Marion (Iowa),1847-01-01T00:00:00.000,L6,,Fell,41.900000,-91.600000
Marjalahti,1902-01-01T00:00:00.000,"Pallasite, PMG",,Fell,61.500000,30.500000
Marmande,1848-01-01T00:00:00.000,L5,,Fell,44.500000,0.150000
Maromandia,2002-01-01T00:00:00.000,L6,,Fell,-14.200000,48.100000
Maryville,1983-01-01T00:00:00.000,L6,,Fell,35.800000,-84.100000
Mascombes,1836-01-01T00:00:00.000,L6,,Fell,45.366670,1.866670
Mason Gully,2010-01-01T00:00:00.000,H5,,Fell,0.000000,0.000000
Mässing,1803-01-01T00:00:00.000,Howardite,,Fell,48.133330,12.616670
Mauerkirchen,1768-01-01T00:00:00.000,L6,,Fell,48.183330,13.133330
Mauritius,1801-01-01T00:00:00.000,L6,,Fell,-20.000000,57.000000
Mayo Belwa,1974-01-01T00:00:00.000,Aubrite,,Fell,8.966670,12.083330
Mazapil,1885-01-01T00:00:00.000,"Iron, IAB-sLL",,Fell,24.683330,-101.683330
Maziba,1942-01-01T00:00:00.000,L6,,Fell,-1.216670,30.000000
Mbale,1992-01-01T00:00:00.000,L5/6,,Fell,1.066670,34.166670
Medanitos,1953-01-01T00:00:00.000,Eucrite-cm,,Fell,-27.250000,-67.500000
Meerut,1861-01-01T00:00:00.000,H5,,Fell,29.016670,77.800000
Meester-Cornelis,1915-01-01T00:00:00.000,H5,,Fell,-6.233330,106.883330
Menow,1862-01-01T00:00:00.000,H4,,Fell,53.183330,13.150000
Menziswyl,1903-01-01T00:00:00.000,L5,,Fell,46.818670,7.218170
Mern,1878-01-01T00:00:00.000,L6,,Fell,55.050000,12.066670
Meru,1945-01-01T00:00:00.000,LL6,,Fell,0.000000,37.666670
Merua,1920-01-01T00:00:00.000,H5,,Fell,25.483330,81.983330
Messina,1955-01-01T00:00:00.000,L5,,Fell,38.183330,15.566670
Meuselbach,1897-01-01T00:00:00.000,L6,,Fell,50.583330,11.100000
Mezel,1949-01-01T00:00:00.000,L6,,Fell,45.766670,3.250000
Mezö-Madaras,1852-01-01T00:00:00.000,L3.7,,Fell,46.500000,25.733330
Mhow,1827-01-01T00:00:00.000,L6,,Fell,25.900000,83.616670
Mianchi,1980-01-01T00:00:00.000,H5,,Fell,34.800000,111.700000
Middlesbrough,1881-01-01T00:00:00.000,L6,,Fell,54.566670,-1.166670
Mifflin,2010-01-01T00:00:00.000,L5,,Fell,42.907500,-90.365560
Mighei,1889-01-01T00:00:00.000,CM2,,Fell,48.066670,30.966670
Mihonoseki,1992-01-01T00:00:00.000,L6,,Fell,35.568330,133.220000
Mike,1944-01-01T00:00:00.000,L6,,Fell,46.233330,17.533330
Milena,1842-01-01T00:00:00.000,L6,,Fell,46.183330,16.100000
Millbillillie,1960-01-01T00:00:00.000,Eucrite-mmict,,Fell,-26.450000,120.366670
Miller (Arkansas),1930-01-01T00:00:00.000,H5,,Fell,35.400000,-92.050000
Minamino,1632-01-01T00:00:00.000,L,,Fell,35.078330,136.933330
Mineo,1826-01-01T00:00:00.000,Pallasite,,Fell,37.283330,14.700000
Min-Fan-Zhun,1952-01-01T00:00:00.000,LL6,,Fell,32.333330,120.666670
Minnichhof,1905-01-01T00:00:00.000,OC,,Fell,47.700000,16.600000
Mirzapur,1910-01-01T00:00:00.000,L5,,Fell,25.683330,83.250000
Misshof,1890-01-01T00:00:00.000,H5,,Fell,56.666670,23.000000
Mjelleim,1898-01-01T00:00:00.000,H,,Fell,61.733330,5.933330
Mocs,1882-01-01T00:00:00.000,L5-6,,Fell,46.800000,24.033330
Modoc (1905),1905-01-01T00:00:00.000,L6,,Fell,38.500000,-101.100000
Mokoia,1908-01-01T00:00:00.000,CV3,,Fell,-39.633330,174.400000
Molina,1858-01-01T00:00:00.000,H5,,Fell,38.116670,-1.166670
Molteno,1953-01-01T00:00:00.000,Howardite,,Fell,-31.250000,26.466670
Monahans (1998),1998-01-01T00:00:00.000,H5,,Fell,31.608330,-102.858330
Monroe,1849-01-01T00:00:00.000,H4,,Fell,35.250000,-80.500000
Monte das Fortes,1950-01-01T00:00:00.000,L5,,Fell,38.016670,-8.250000
Monte Milone,1846-01-01T00:00:00.000,L5,,Fell,43.266670,13.350000
Montferré,1923-01-01T00:00:00.000,H5,,Fell,43.390560,1.962500
Montlivault,1838-01-01T00:00:00.000,L6,,Fell,47.633330,1.583330
Monze,1950-01-01T00:00:00.000,L6,,Fell,-15.966670,27.350000
Moore County,1913-01-01T00:00:00.000,Eucrite-cm,,Fell,35.416670,-79.383330
Mooresfort,1810-01-01T00:00:00.000,H5,,Fell,52.450000,-8.333330
Moorleah,1930-01-01T00:00:00.000,L6,,Fell,-40.975000,145.600000
Moradabad,1808-01-01T00:00:00.000,L6,,Fell,28.783330,78.833330
Morávka,2000-01-01T00:00:00.000,H5,,Fell,49.600000,18.533330
Mornans,1875-01-01T00:00:00.000,H5,,Fell,44.600000,5.133330
Moss,2006-01-01T00:00:00.000,CO3.6,,Fell,59.433330,10.700000
Moti-ka-nagla,1868-01-01T00:00:00.000,H6,,Fell,26.833330,77.333330
Motta di Conti,1868-01-01T00:00:00.000,H4,,Fell,45.200000,8.500000
Mount Browne,1902-01-01T00:00:00.000,H6,,Fell,-29.800000,141.700000
Mount Tazerzait,1991-01-01T00:00:00.000,L5,,Fell,18.700000,4.800000
Mount Vaisi,1637-01-01T00:00:00.000,Stone-uncl,,Fell,44.083330,6.866670
Mtola,1944-01-01T00:00:00.000,Stone-uncl,,Fell,-11.500000,33.500000
Muddoor,1865-01-01T00:00:00.000,L5,,Fell,12.633330,77.016670
Mulletiwu,1795-01-01T00:00:00.000,L,,Fell,9.333330,80.833330
Muraid,1924-01-01T00:00:00.000,L6,,Fell,24.500000,90.216670
Murchison,1969-01-01T00:00:00.000,CM2,,Fell,-36.616670,145.200000
Murray,1950-01-01T00:00:00.000,CM2,,Fell,36.600000,-88.100000
Muzaffarpur,1964-01-01T00:00:00.000,"Iron, IAB-sHL",,Fell,26.133330,85.533330
Myhee Caunta,1842-01-01T00:00:00.000,OC,,Fell,23.050000,72.633330
Nadiabondi,1956-01-01T00:00:00.000,H5,,Fell,12.000000,1.000000
Nagai,1922-01-01T00:00:00.000,L6,,Fell,38.121670,140.061670
Nagaria,1875-01-01T00:00:00.000,Eucrite-cm,,Fell,26.983330,78.216670
Nagy-Borové,1895-01-01T00:00:00.000,L5,,Fell,49.166670,19.500000
Nakhla,1911-01-01T00:00:00.000,Martian (nakhlite),,Fell,31.316670,30.350000
Nakhon Pathom,1923-01-01T00:00:00.000,L6,,Fell,13.733330,100.083330
Nammianthal,1886-01-01T00:00:00.000,H5,,Fell,12.283330,79.200000
Nan Yang Pao,1917-01-01T00:00:00.000,L6,,Fell,35.666670,103.500000
Nanjemoy,1825-01-01T00:00:00.000,H6,,Fell,38.416670,-77.166670
Nantong,1984-01-01T00:00:00.000,H6,,Fell,32.116670,121.800000
Naoki,1928-01-01T00:00:00.000,H6,,Fell,19.250000,77.000000
Naragh,1974-01-01T00:00:00.000,H6,,Fell,33.750000,51.500000
Narellan,1928-01-01T00:00:00.000,L6,,Fell,-34.050000,150.688890
Narni,0921-01-01T00:00:00.000,Stone-uncl,,Fell,42.516670,12.516670
Nassirah,1936-01-01T00:00:00.000,H4,,Fell,-21.733330,165.900000
Natal,1973-01-01T00:00:00.000,Stone-uncl,,Fell,,
Nawapali,1890-01-01T00:00:00.000,CM2,,Fell,21.250000,83.666670
Neagari,1995-01-01T00:00:00.000,L6,,Fell,36.449170,136.465280
Nedagolla,1870-01-01T00:00:00.000,"Iron, ungrouped",,Fell,18.683330,83.483330
Nejo,1970-01-01T00:00:00.000,L6,,Fell,9.500000,35.333330
Nerft,1864-01-01T00:00:00.000,L6,,Fell,56.500000,21.500000
Neuschwanstein,2002-01-01T00:00:00.000,EL6,,Fell,47.525000,10.808330
New Concord,1860-01-01T00:00:00.000,L6,,Fell,40.000000,-81.766670
New Halfa,1994-01-01T00:00:00.000,L4,,Fell,15.366670,35.683330
New Orleans,2003-01-01T00:00:00.000,H5,,Fell,29.947180,-90.109760
Ngawi,1883-01-01T00:00:00.000,LL3.6,,Fell,-7.450000,111.416670
N'Goureyma,1900-01-01T00:00:00.000,"Iron, ungrouped",,Fell,13.850000,-4.383330
Nicorps,1750-01-01T00:00:00.000,Stone-uncl,,Fell,49.033330,-1.433330
Niger (L6),1967-01-01T00:00:00.000,L6,,Fell,,
Niger (LL6),1967-01-01T00:00:00.000,LL6,,Fell,,
Nikolaevka,1935-01-01T00:00:00.000,H4,,Fell,52.450000,78.633330
Nikolskoe,1954-01-01T00:00:00.000,L4,,Fell,56.116670,37.333330
Ningbo,1975-01-01T00:00:00.000,"Iron, IVA",,Fell,29.866670,121.483330
Ningqiang,1983-01-01T00:00:00.000,C3-ung,,Fell,32.925000,105.906670
Nio,1897-01-01T00:00:00.000,H3-4,,Fell,34.200000,131.566670
N'Kandhla,1912-01-01T00:00:00.000,"Iron, IID",,Fell,-28.566670,30.700000
Nobleborough,1823-01-01T00:00:00.000,Eucrite-pmict,,Fell,44.083330,-69.483330
Noblesville,1991-01-01T00:00:00.000,H4-6,,Fell,40.085280,-86.055000
Nogata,0861-01-01T00:00:00.000,L6,,Fell,33.725000,130.750000
Nogoya,1879-01-01T00:00:00.000,CM2,,Fell,-32.366670,-59.833330
Norfork,1918-01-01T00:00:00.000,"Iron, IIIAB",,Fell,36.216670,-92.266670
Norton County,1948-01-01T00:00:00.000,Aubrite,,Fell,39.683330,-99.866670
Noventa Vicentina,1971-01-01T00:00:00.000,H4,,Fell,45.291670,11.527220
Novo-Urei,1886-01-01T00:00:00.000,Ureilite,,Fell,54.816670,46.000000
Novy-Ergi,1662-01-01T00:00:00.000,Stone-uncl,,Fell,58.550000,31.333330
Novy-Projekt,1908-01-01T00:00:00.000,OC,,Fell,56.000000,22.000000
Noyan-Bogdo,1933-01-01T00:00:00.000,L6,,Fell,42.916670,102.466670
Nuevo Mercurio,1978-01-01T00:00:00.000,H5,,Fell,24.300000,-102.133330
Nulles,1851-01-01T00:00:00.000,H6,,Fell,41.633330,0.750000
Numakai,1925-01-01T00:00:00.000,H4,,Fell,43.333330,141.866670
Nyaung,1939-01-01T00:00:00.000,"Iron, IIIAB",,Fell,21.208330,94.916670
Nyirábrany,1914-01-01T00:00:00.000,LL5,,Fell,47.550000,22.025000
Ochansk,1887-01-01T00:00:00.000,H4,,Fell,57.783330,55.266670
Oesede,1927-01-01T00:00:00.000,H5,,Fell,52.283330,8.050000
Oesel,1855-01-01T00:00:00.000,L6,,Fell,58.500000,23.000000
Ofehértó,1900-01-01T00:00:00.000,L6,,Fell,47.883330,22.033330
Ogi,1741-01-01T00:00:00.000,H6,,Fell,33.283330,130.200000
Ohaba,1857-01-01T00:00:00.000,H5,,Fell,46.066670,23.583330
Ohuma,1963-01-01T00:00:00.000,L5,,Fell,6.750000,8.500000
Ojuelos Altos,1926-01-01T00:00:00.000,L6,,Fell,38.183330,-5.400000
Okabe,1958-01-01T00:00:00.000,H5,,Fell,36.183330,139.216670
Okano,1904-01-01T00:00:00.000,"Iron, IIAB",,Fell,35.083330,135.200000
Okniny,1834-01-01T00:00:00.000,LL6,,Fell,50.833330,25.500000
Oldenburg (1930),1930-01-01T00:00:00.000,L6,,Fell,52.950000,8.166670
Oliva-Gandia,1520-01-01T00:00:00.000,Stone-uncl,,Fell,39.000000,-0.033330
Olivenza,1924-01-01T00:00:00.000,LL5,,Fell,38.716670,-7.066670
Olmedilla de Alarcón,1929-01-01T00:00:00.000,H5,,Fell,39.566670,-2.100000
Omolon,1981-01-01T00:00:00.000,"Pallasite, PMG",,Fell,64.020000,161.808330
Orgueil,1864-01-01T00:00:00.000,CI1,,Fell,43.883330,1.383330
Orlando,2004-01-01T00:00:00.000,Eucrite,,Fell,28.547500,-81.362220
Ornans,1868-01-01T00:00:00.000,CO3.4,,Fell,47.116670,6.150000
Ortenau,1671-01-01T00:00:00.000,Stone-uncl,,Fell,48.500000,8.000000
Orvinio,1872-01-01T00:00:00.000,H6,,Fell,42.133330,12.933330
Oterøy,1928-01-01T00:00:00.000,L6,,Fell,58.883330,9.400000
Otomi,1867-01-01T00:00:00.000,H,,Fell,38.400000,140.350000
Ottawa,1896-01-01T00:00:00.000,LL6,,Fell,38.600000,-95.216670
Ouadangou,2003-01-01T00:00:00.000,L5,,Fell,12.900000,0.080000
Oued el Hadjar,1986-01-01T00:00:00.000,LL6,,Fell,30.180000,-6.577170
Oum Dreyga,2003-01-01T00:00:00.000,H3-5,,Fell,24.300000,-13.100000
Ourique,1998-01-01T00:00:00.000,H4,,Fell,37.608330,-8.280000
Ovambo,1900-01-01T00:00:00.000,L6,,Fell,-18.000000,16.000000
Oviedo,1856-01-01T00:00:00.000,H5,,Fell,43.400000,-5.866670
Owrucz,1775-01-01T00:00:00.000,OC,,Fell,51.333330,28.833330
Pacula,1881-01-01T00:00:00.000,L6,,Fell,21.050000,-99.300000
Padvarninkai,1929-01-01T00:00:00.000,Eucrite-mmict,,Fell,55.666670,25.000000
Paitan,1910-01-01T00:00:00.000,H6,,Fell,17.743330,120.455830
Palahatchie,1910-01-01T00:00:00.000,OC,,Fell,32.316670,-89.716670
Palca de Aparzo,1988-01-01T00:00:00.000,L5,,Fell,-23.116670,-65.100000
Palinshih,1914-01-01T00:00:00.000,Iron,,Fell,43.483330,118.616670
Palmyra,1926-01-01T00:00:00.000,L3,,Fell,39.800000,-91.500000
Palolo Valley,1949-01-01T00:00:00.000,H5,,Fell,21.300000,-157.783330
Dominion Range 03239,2002-01-01T00:00:00.000,L6,,Found,,
Pampanga,1859-01-01T00:00:00.000,L5,,Fell,15.083330,120.700000
Pantar,1938-01-01T00:00:00.000,H5,,Fell,8.066670,124.283330
Paragould,1930-01-01T00:00:00.000,LL5,,Fell,36.066670,-90.500000
Parambu,1967-01-01T00:00:00.000,LL5,,Fell,-6.233330,-40.700000
Paranaiba,1956-01-01T00:00:00.000,L6,,Fell,-19.133330,-51.666670
Park Forest,2003-01-01T00:00:00.000,L5,,Fell,41.484720,-87.679170
Parnallee,1857-01-01T00:00:00.000,LL3.6,,Fell,9.233330,78.350000
Parsa,1942-01-01T00:00:00.000,EH3,,Fell,26.200000,85.400000
Pasamonte,1933-01-01T00:00:00.000,Eucrite-pmict,,Fell,36.216670,-103.400000
Patora,1969-01-01T00:00:00.000,H6,,Fell,20.936940,82.050000
Patrimonio,1950-01-01T00:00:00.000,L6,,Fell,-19.533330,-48.566670
Patti,1922-01-01T00:00:00.000,Iron,,Fell,38.133330,14.966670
Patwar,1935-01-01T00:00:00.000,Mesosiderite-A1,,Fell,23.150000,91.183330
Pavel,1966-01-01T00:00:00.000,H5,,Fell,43.466670,25.516670
Pavlodar (stone),1938-01-01T00:00:00.000,H5,,Fell,52.300000,77.033330
Pavlograd,1826-01-01T00:00:00.000,L6,,Fell,48.533330,35.983330
Pavlovka,1882-01-01T00:00:00.000,Howardite,,Fell,52.033330,43.000000
Pê,1989-01-01T00:00:00.000,L6,,Fell,11.333670,-3.542170
Peace River,1963-01-01T00:00:00.000,L6,,Fell,56.133330,-117.933330
Peckelsheim,1953-01-01T00:00:00.000,Diogenite-pm,,Fell,51.666670,9.250000
Peekskill,1992-01-01T00:00:00.000,H6,,Fell,41.283330,-73.916670
Peña Blanca Spring,1946-01-01T00:00:00.000,Aubrite,,Fell,30.125000,-103.116670
Peramiho,1899-01-01T00:00:00.000,Eucrite-mmict,,Fell,-10.666670,35.500000
Perpeti,1935-01-01T00:00:00.000,L6,,Fell,23.325000,91.000000
Perth,1830-01-01T00:00:00.000,LL5,,Fell,56.400000,-3.433330
Pervomaisky,1933-01-01T00:00:00.000,L6,,Fell,56.633330,39.433330
Pesyanoe,1933-01-01T00:00:00.000,Aubrite,,Fell,55.500000,66.083330
Pétèlkolé,1995-01-01T00:00:00.000,H5,,Fell,14.052000,0.420000
Petersburg,1855-01-01T00:00:00.000,Eucrite-pmict,,Fell,35.300000,-86.633330
Pettiswood,1779-01-01T00:00:00.000,Stone-uncl,,Fell,53.533330,-7.333330
Phillips County (stone),1901-01-01T00:00:00.000,L6,,Fell,40.000000,-99.250000
Phu Hong,1887-01-01T00:00:00.000,H4,,Fell,11.250000,108.583330
Phum Sambo,1933-01-01T00:00:00.000,H4,,Fell,12.000000,105.483330
Phuoc-Binh,1941-01-01T00:00:00.000,L5,,Fell,15.716670,108.100000
Piancaldoli,1968-01-01T00:00:00.000,LL3.4,,Fell,44.244170,11.502220
Picote,1843-01-01T00:00:00.000,Stone-uncl,,Fell,41.366670,-6.233330
Pillistfer,1863-01-01T00:00:00.000,EL6,,Fell,58.666670,25.733330
Piplia Kalan,1996-01-01T00:00:00.000,Eucrite-mmict,,Fell,26.034720,73.941670
Piquetberg,1881-01-01T00:00:00.000,H,,Fell,-32.866670,18.716670
Pirgunje,1882-01-01T00:00:00.000,L6,,Fell,25.800000,88.450000
Pirthalla,1884-01-01T00:00:00.000,H6,,Fell,29.583330,76.000000
Pitts,1921-01-01T00:00:00.000,"Iron, IAB-ung",,Fell,31.950000,-83.516670
Plantersville,1930-01-01T00:00:00.000,H6,,Fell,30.700000,-96.116670
Pleşcoi,2008-01-01T00:00:00.000,L5-6,,Fell,45.275000,26.709720
Ploschkovitz,1723-01-01T00:00:00.000,L5,,Fell,50.533330,14.116670
Pnompehn,1868-01-01T00:00:00.000,L6,,Fell,11.583330,104.916670
Dominion Range 03240,2002-01-01T00:00:00.000,LL5,,Found,,
Pohlitz,1819-01-01T00:00:00.000,L5,,Fell,50.933330,12.133330
Pokhra,1866-01-01T00:00:00.000,H5,,Fell,26.716670,82.666670
Pollen,1942-01-01T00:00:00.000,CM2,,Fell,66.348330,14.015000
Pontlyfni,1931-01-01T00:00:00.000,Winonaite,,Fell,53.036390,-4.319440
Portales Valley,1998-01-01T00:00:00.000,H6,,Fell,34.175000,-103.295000
Portugal,1796-01-01T00:00:00.000,Stone-uncl,,Fell,38.500000,-8.000000
Po-wang Chen,1933-01-01T00:00:00.000,LL,,Fell,31.416670,118.500000
Prambachkirchen,1932-01-01T00:00:00.000,L6,,Fell,48.302500,13.940830
Pribram,1959-01-01T00:00:00.000,H5,,Fell,49.666670,14.033330
Pricetown,1893-01-01T00:00:00.000,L6,,Fell,39.116670,-83.850000
Puerto Lápice,2007-01-01T00:00:00.000,Eucrite-br,,Fell,39.350000,-3.516670
Pulsora,1863-01-01T00:00:00.000,H5,,Fell,23.366670,75.183330
Pultusk,1868-01-01T00:00:00.000,H5,,Fell,52.766670,21.266670
Punganaru,1811-01-01T00:00:00.000,Stone-uncl,,Fell,13.333330,78.950000
Putinga,1937-01-01T00:00:00.000,L6,,Fell,-29.033330,-53.050000
Qidong,1982-01-01T00:00:00.000,L/LL5,,Fell,32.083330,121.500000
Qingzhen,1976-01-01T00:00:00.000,EH3,,Fell,26.533330,106.466670
Queen's Mercy,1925-01-01T00:00:00.000,H6,,Fell,-30.116670,28.700000
Quenggouk,1857-01-01T00:00:00.000,H4,,Fell,17.766670,95.183330
Quesa,1898-01-01T00:00:00.000,"Iron, IAB-ung",,Fell,39.000000,-0.666670
Quija,1990-01-01T00:00:00.000,H,,Fell,44.616670,126.133330
Quincay,1851-01-01T00:00:00.000,L6,,Fell,46.600000,0.250000
Raco,1957-01-01T00:00:00.000,H5,,Fell,-26.666670,-65.450000
Raghunathpura,1986-01-01T00:00:00.000,"Iron, IIAB",,Fell,27.725280,76.465000
Rahimyar Khan,1983-01-01T00:00:00.000,L5,,Fell,28.225000,70.200000
Rakovka,1878-01-01T00:00:00.000,L6,,Fell,52.983330,37.033330
Ramnagar,1940-01-01T00:00:00.000,L6,,Fell,26.450000,82.900000
Rampurhat,1916-01-01T00:00:00.000,LL,,Fell,24.166670,87.766670
Ramsdorf,1958-01-01T00:00:00.000,L6,,Fell,51.883330,6.933330
Ranchapur,1917-01-01T00:00:00.000,H4,,Fell,23.983330,87.083330
Rancho de la Presa,1899-01-01T00:00:00.000,H5,,Fell,19.866670,-100.816670
Rangala,1937-01-01T00:00:00.000,L6,,Fell,25.383330,72.016670
Raoyang,1919-01-01T00:00:00.000,L6,,Fell,38.200000,115.700000
Ras Tanura,1961-01-01T00:00:00.000,H6,,Fell,26.666670,50.150000
Rasgrad,1740-01-01T00:00:00.000,Stone-uncl,,Fell,43.500000,26.533330
Ratyn,1880-01-01T00:00:00.000,Stone-uncl,,Fell,52.200000,17.983330
Red Canyon Lake,2007-01-01T00:00:00.000,H5,,Fell,38.137420,-119.758120
Reliegos,1947-01-01T00:00:00.000,L5,,Fell,42.475000,-5.333330
Rembang,1919-01-01T00:00:00.000,"Iron, IVA",,Fell,-6.733330,111.366670
Renazzo,1824-01-01T00:00:00.000,CR2,,Fell,44.766670,11.283330
Renca,1925-01-01T00:00:00.000,L5,,Fell,-32.750000,-65.283330
Renqiu,1916-01-01T00:00:00.000,L6,,Fell,38.666670,116.133330
Repeev Khutor,1933-01-01T00:00:00.000,"Iron, IIF",,Fell,48.600000,45.666670
Revelstoke,1965-01-01T00:00:00.000,CI1,,Fell,51.333330,-118.950000
Rewari,1929-01-01T00:00:00.000,L6,,Fell,28.200000,76.666670
Rich Mountain,1903-01-01T00:00:00.000,L6,,Fell,35.033330,-83.033330
Uzcudun,1948-01-01T00:00:00.000,L,,Fell,-44.116670,-66.150000
Richardton,1918-01-01T00:00:00.000,H5,,Fell,46.883330,-102.316670
Richland Springs,1980-01-01T00:00:00.000,OC,,Fell,31.250000,-99.033330
Richmond,1828-01-01T00:00:00.000,LL5,,Fell,37.466670,-77.500000
Rio Negro,1934-01-01T00:00:00.000,L4,,Fell,-26.100000,-49.800000
Rivolta de Bassi,1491-01-01T00:00:00.000,Stone-uncl,,Fell,45.483330,9.516670
Rochester,1876-01-01T00:00:00.000,H6,,Fell,41.083330,-86.283330
Rockhampton,1895-01-01T00:00:00.000,Stone-uncl,,Fell,-23.383330,150.516670
Roda,1871-01-01T00:00:00.000,Diogenite,,Fell,42.300000,0.550000
Rodach,1775-01-01T00:00:00.000,Stone-uncl,,Fell,50.350000,10.800000
Rose City,1921-01-01T00:00:00.000,H5,,Fell,44.516670,-83.950000
Rowton,1876-01-01T00:00:00.000,"Iron, IIIAB",,Fell,52.766670,-2.516670
Ruhobobo,1976-01-01T00:00:00.000,L6,,Fell,-1.450000,29.833330
Rumuruti,1934-01-01T00:00:00.000,R3.8-6,,Fell,0.266670,36.533330
Rupota,1949-01-01T00:00:00.000,L4-6,,Fell,-10.266670,38.766670
Ryechki,1914-01-01T00:00:00.000,L5,,Fell,51.133330,34.500000
Sabetmahet,1855-01-01T00:00:00.000,H5,,Fell,27.433330,82.083330
Sabrum,1999-01-01T00:00:00.000,LL6,,Fell,23.083330,91.666670
Sagan,1636-01-01T00:00:00.000,Stone-uncl,,Fell,51.533330,14.883330
Saint-Sauveur,1914-01-01T00:00:00.000,EH5,,Fell,43.733330,1.383330
Saint-Séverin,1966-01-01T00:00:00.000,LL6,,Fell,45.300000,0.233330
Sakauchi,1913-01-01T00:00:00.000,Iron,,Fell,35.666670,136.300000
Salem,1981-01-01T00:00:00.000,L6,,Fell,44.979170,-122.969440
Salles,1798-01-01T00:00:00.000,L5,,Fell,46.050000,4.633330
Salzwedel,1985-01-01T00:00:00.000,LL5,,Fell,52.750000,11.050000
Samelia,1921-01-01T00:00:00.000,"Iron, IIIAB",,Fell,25.666670,74.866670
San Juan Capistrano,1973-01-01T00:00:00.000,H6,,Fell,33.484720,-117.662500
San Michele,2002-01-01T00:00:00.000,L6,,Fell,43.666670,13.000000
San Pedro de Quiles,1956-01-01T00:00:00.000,L6,,Fell,-31.016670,-71.400000
San Pedro Jacuaro,1968-01-01T00:00:00.000,LL6,,Fell,19.766670,-100.650000
Santa Barbara,1873-01-01T00:00:00.000,L4,,Fell,-29.200000,-51.866670
Santa Cruz,1939-01-01T00:00:00.000,CM2,,Fell,24.166670,-99.333330
Santa Isabel,1924-01-01T00:00:00.000,L6,,Fell,-33.900000,-61.700000
Santa Lucia (2008),2008-01-01T00:00:00.000,L6,,Fell,-31.535556,-68.489444
São Jose do Rio Preto,1962-01-01T00:00:00.000,H4,,Fell,-20.810000,-49.380560
Saratov,1918-01-01T00:00:00.000,L4,,Fell,52.550000,46.550000
Sasagase,1688-01-01T00:00:00.000,H,,Fell,34.716670,137.783330
Sauguis,1868-01-01T00:00:00.000,L6,,Fell,43.150000,-0.850000
Savtschenskoje,1894-01-01T00:00:00.000,LL4,,Fell,47.216670,29.866670
Sayama,1986-01-01T00:00:00.000,CM2,,Fell,35.866670,139.400000
Sazovice,1934-01-01T00:00:00.000,L5,,Fell,49.233330,17.566670
Schellin,1715-01-01T00:00:00.000,L,,Fell,53.350000,15.050000
Schenectady,1968-01-01T00:00:00.000,H5,,Fell,42.860830,-73.950280
Schönenberg,1846-01-01T00:00:00.000,L6,,Fell,48.116670,10.466670
Searsmont,1871-01-01T00:00:00.000,H5,,Fell,44.366670,-69.200000
Sediköy,1917-01-01T00:00:00.000,L6,,Fell,38.300000,27.133330
Segowlie,1853-01-01T00:00:00.000,LL6,,Fell,26.750000,84.783330
Selakopi,1939-01-01T00:00:00.000,H5,,Fell,-7.233330,107.333330
Seldebourak,1947-01-01T00:00:00.000,H5,,Fell,22.833330,4.983330
Semarkona,1940-01-01T00:00:00.000,LL3.00,,Fell,22.250000,79.000000
Sena,1773-01-01T00:00:00.000,H4,,Fell,41.716670,-0.050000
Senboku,1993-01-01T00:00:00.000,H6,,Fell,39.438330,140.511670
Seoni,1966-01-01T00:00:00.000,H6,,Fell,21.683890,79.500830
Seres,1818-01-01T00:00:00.000,H4,,Fell,41.050000,23.566670
Serra de Magé,1923-01-01T00:00:00.000,Eucrite-cm,,Fell,-8.383330,-36.766670
Sete Lagoas,1908-01-01T00:00:00.000,H4,,Fell,-19.466670,-44.216670
Sevilla,1862-01-01T00:00:00.000,LL4,,Fell,37.416670,-6.000000
Sevrukovo,1874-01-01T00:00:00.000,L5,,Fell,50.616670,36.600000
Sfax,1989-01-01T00:00:00.000,L6,,Fell,34.750000,10.716670
Shalka,1850-01-01T00:00:00.000,Diogenite,,Fell,23.100000,87.300000
Sharps,1921-01-01T00:00:00.000,H3.4,,Fell,37.833330,-76.700000
Shelburne,1904-01-01T00:00:00.000,L5,,Fell,44.050000,-80.166670
Shergotty,1865-01-01T00:00:00.000,Martian (shergottite),,Fell,24.550000,84.833330
Sheyang,1976-01-01T00:00:00.000,L6,,Fell,33.650000,120.066670
Shikarpur,1921-01-01T00:00:00.000,L6,,Fell,25.850000,87.577500
Shuangyang,1971-01-01T00:00:00.000,H5,,Fell,43.500000,125.666670
Shupiyan,1912-01-01T00:00:00.000,H6,,Fell,33.716670,74.833330
Shytal,1863-01-01T00:00:00.000,L6,,Fell,24.333330,90.166670
Siena,1794-01-01T00:00:00.000,LL5,,Fell,43.116670,11.600000
Sikhote-Alin,1947-01-01T00:00:00.000,"Iron, IIAB",,Fell,46.160000,134.653330
Silao,1995-01-01T00:00:00.000,H5,,Fell,20.933330,-101.383330
Silistra,1917-01-01T00:00:00.000,Achondrite-ung,,Fell,44.116670,27.266670
Simmern,1920-01-01T00:00:00.000,H5,,Fell,49.983330,7.533330
Sinai,1916-01-01T00:00:00.000,L6,,Fell,30.900000,32.483330
Sindhri,1901-01-01T00:00:00.000,H5,,Fell,26.216670,69.550000
Sinnai,1956-01-01T00:00:00.000,H6,,Fell,39.300000,9.200000
Sioux County,1933-01-01T00:00:00.000,Eucrite-mmict,,Fell,42.583330,-103.666670
Sitathali,1875-01-01T00:00:00.000,H5,,Fell,20.916670,82.583330
Sivas,1989-01-01T00:00:00.000,H6,,Fell,39.824670,36.135830
Sixiangkou,1989-01-01T00:00:00.000,L5,,Fell,32.433330,119.866670
Ski,1848-01-01T00:00:00.000,L6,,Fell,59.733330,10.866670
Slavetic,1868-01-01T00:00:00.000,H5,,Fell,45.683330,15.600000
Slobodka,1818-01-01T00:00:00.000,L4,,Fell,55.000000,35.000000
Soheria,1960-01-01T00:00:00.000,OC,,Fell,27.133330,84.066670
Soko-Banja,1877-01-01T00:00:00.000,LL4,,Fell,43.666670,21.866670
Sologne,1860-01-01T00:00:00.000,H5,,Fell,47.366670,1.733330
Sołtmany,2011-01-01T00:00:00.000,L6,,Fell,54.008830,22.005000
Sone,1866-01-01T00:00:00.000,H5,,Fell,35.166670,135.333330
Songyuan,1993-01-01T00:00:00.000,L6,,Fell,45.250000,125.000000
Sopot,1927-01-01T00:00:00.000,OC,,Fell,44.416670,23.500000
Soroti,1945-01-01T00:00:00.000,"Iron, ungrouped",,Fell,1.700000,33.633330
St. Caprais-de-Quinsac,1883-01-01T00:00:00.000,L6,,Fell,44.750000,0.050000
St. Christophe-la-Chartreuse,1841-01-01T00:00:00.000,L6,,Fell,46.950000,-1.500000
St. Denis Westrem,1855-01-01T00:00:00.000,L6,,Fell,51.050000,3.750000
St. Germain-du-Pinel,1890-01-01T00:00:00.000,H6,,Fell,48.016670,-1.150000
St. Louis,1950-01-01T00:00:00.000,H4,,Fell,38.700000,-90.233330
St. Mark's,1903-01-01T00:00:00.000,EH5,,Fell,-32.016670,27.416670
St. Mary's County,1919-01-01T00:00:00.000,LL3.3,,Fell,38.166670,-76.383330
St. Mesmin,1866-01-01T00:00:00.000,LL6,,Fell,48.450000,3.933330
St. Michel,1910-01-01T00:00:00.000,L6,,Fell,61.650000,27.200000
St.-Chinian,1959-01-01T00:00:00.000,L6,,Fell,43.433330,2.950000
Ställdalen,1876-01-01T00:00:00.000,H5,,Fell,59.933330,14.950000
Stannern,1808-01-01T00:00:00.000,Eucrite-mmict,,Fell,49.283330,15.566670
Stavropol,1857-01-01T00:00:00.000,L6,,Fell,45.050000,41.983330
Ste. Marguerite,1962-01-01T00:00:00.000,H4,,Fell,50.766670,3.000000
Sterlitamak,1990-01-01T00:00:00.000,"Iron, IIIAB",,Fell,53.666670,55.983330
Stolzenau,1647-01-01T00:00:00.000,Stone-uncl,,Fell,52.533330,9.050000
Stratford,1974-01-01T00:00:00.000,L6,,Fell,41.200000,-73.133330
Strathmore,1917-01-01T00:00:00.000,L6,,Fell,56.583330,-3.250000
Stretchleigh,1623-01-01T00:00:00.000,Stone-uncl,,Fell,50.383330,-3.950000
St-Robert,1994-01-01T00:00:00.000,H5,,Fell,45.968610,-72.978060
Success,1924-01-01T00:00:00.000,L6,,Fell,36.483330,-90.666670
Suchy Dul,1969-01-01T00:00:00.000,L6,,Fell,50.538060,16.263330
Suizhou,1986-01-01T00:00:00.000,L6,,Fell,31.616670,113.466670
Sulagiri,2008-01-01T00:00:00.000,LL6,,Fell,12.666670,78.033330
Sultanpur,1916-01-01T00:00:00.000,L/LL6,,Fell,25.933330,84.283330
Sungach,1935-01-01T00:00:00.000,H5,,Fell,44.866670,133.166670
Supuhee,1865-01-01T00:00:00.000,H6,,Fell,26.716670,84.216670
Sutter's Mill,2012-01-01T00:00:00.000,C,,Fell,38.803890,-120.908060
Sylacauga,1954-01-01T00:00:00.000,H4,,Fell,33.188360,-86.294500
Tabor,1753-01-01T00:00:00.000,H5,,Fell,49.400000,14.650000
Tadjera,1867-01-01T00:00:00.000,L5,,Fell,36.183330,5.416670
Tagish Lake,2000-01-01T00:00:00.000,C2-ung,,Fell,59.704440,-134.201390
Tahara,1991-01-01T00:00:00.000,H4/5,,Fell,34.720000,137.305000
Takenouchi,1880-01-01T00:00:00.000,H5,,Fell,35.383330,134.900000
Talampaya,1995-01-01T00:00:00.000,Eucrite-cm,,Fell,,
Tambakwatu,1975-01-01T00:00:00.000,L6,,Fell,-7.750000,112.766670
Tamdakht,2008-01-01T00:00:00.000,H5,,Fell,31.163330,-7.015000
Tané,1918-01-01T00:00:00.000,L5,,Fell,35.433330,136.233330
Taonan,1965-01-01T00:00:00.000,L5,,Fell,45.400000,122.900000
Tatahouine,1931-01-01T00:00:00.000,Diogenite,,Fell,32.950000,10.416670
Tathlith,1967-01-01T00:00:00.000,L6,,Fell,19.383330,43.733330
Tauk,1929-01-01T00:00:00.000,L6,,Fell,35.133330,44.450000
Tauti,1937-01-01T00:00:00.000,L6,,Fell,46.716670,23.500000
Tenham,1879-01-01T00:00:00.000,L6,,Fell,-25.733330,142.950000
Tennasilm,1872-01-01T00:00:00.000,L4,,Fell,58.033330,26.950000
Thal,1950-01-01T00:00:00.000,H6,,Fell,33.400000,70.600000
Thika,2011-01-01T00:00:00.000,L6,,Fell,-1.002780,37.150280
Thuathe,2002-01-01T00:00:00.000,H4/5,,Fell,-29.333330,27.583330
Tianzhang,1986-01-01T00:00:00.000,H5,,Fell,32.946670,118.990000
Tieschitz,1878-01-01T00:00:00.000,H/L3.6,,Fell,49.600000,17.116670
Tilden,1927-01-01T00:00:00.000,L6,,Fell,38.200000,-89.683330
Tillaberi,1970-01-01T00:00:00.000,L6,,Fell,14.250000,1.533330
Timochin,1807-01-01T00:00:00.000,H5,,Fell,54.500000,35.200000
Tirupati,1934-01-01T00:00:00.000,H6,,Fell,13.633330,79.416670
Tissint,2011-01-01T00:00:00.000,Martian (shergottite),,Fell,29.481950,-7.611230
Tjabe,1869-01-01T00:00:00.000,H6,,Fell,-7.083330,111.533330
Tjerebon,1922-01-01T00:00:00.000,L5,,Fell,-6.666670,106.583330
Tomakovka,1905-01-01T00:00:00.000,LL6,,Fell,47.850000,34.766670
